last_login,start_date,email_address,name,manager_id,user_id
2025-03-23,2025-03-01,harrisbrandy@example.com,Wendy King,11,6
2025-02-27,2021-02-17,lecassandra@example.net,Jason Whitehead,15,7
2025-03-07,2020-06-19,richardgerald@example.org,Jennifer Bates,9,8
2025-02-14,2021-10-01,daltonsalinas@example.com,Carolyn White,15,9
2025-01-22,2024-03-21,djohnson@example.com,Ronald Neal,11,10
2025-03-02,2021-08-01,figueroabrandy@example.net,Leslie Hughes,12,11
2025-01-19,2021-09-02,tricia49@example.net,Monica Bridges,11,12
2025-04-07,2024-03-02,rsanders@example.org,Ryan Barnes,11,13
2025-04-02,2023-11-19,brendabailey@example.net,Julie Burns,8,14
2025-01-14,2023-05-15,berrypaul@example.com,Michael Brown,9,15
2025-03-13,2024-01-24,julieanderson@example.org,Amy Morris,15,16
2025-01-26,2024-06-09,angela38@example.org,Javier Johnson,10,17
2025-01-20,2024-03-16,scottharris@example.com,Stephanie Molina,7,18
2025-03-29,2024-04-07,brightheather@example.net,Paul Gonzalez,12,19
2025-01-22,2023-07-04,heathsteven@example.net,Brittany Campbell,7,20
2025-02-05,2021-05-09,abigail99@example.org,Sandra Hunt,14,21
2025-02-10,2022-06-25,briantucker@example.com,Stephen Parks,12,22
2025-03-25,2020-11-04,heidi80@example.org,Jay Buchanan,7,23
2025-01-21,2020-06-11,jordanmunoz@example.net,Gregory Morgan,9,24
2025-02-13,2021-03-20,qortiz@example.org,Katherine Schaefer,11,21
2025-01-16,2021-09-30,marcusallen@example.com,Christopher Oliver,6,22
2025-01-14,2022-02-22,jeremyholmes@example.org,William Mccarthy,6,25
2025-04-05,2023-02-25,thompsonjames@example.com,Sherri Campbell,10,26
2025-02-10,2024-10-07,toddwalls@example.net,Andrea Moses,6,23
2025-02-14,2021-08-11,hrobinson@example.net,Julia Lowery,10,1
2025-04-04,2022-07-29,patrick80@example.com,Allen Williams,7,27
2025-04-03,2025-02-23,jasonwilkinson@example.net,Aaron Pugh,15,28
2025-03-03,2024-02-18,cody61@example.com,Sarah Drake DDS,11,29
2025-03-13,2023-05-05,rtownsend@example.net,Charles Martin,15,30
2025-03-03,2024-08-10,dominguezdonald@example.org,Matthew Watson,6,31
2025-02-13,2024-08-26,cabrerajake@example.com,Ryan Watkins,11,32
2025-02-18,2022-09-02,steven73@example.com,Michael Burns,14,33
2025-02-24,2024-01-26,mjones@example.org,Heather Rogers,14,34
2025-02-26,2022-01-25,wilsonkeith@example.net,Heidi Fisher,8,35
2025-01-09,2020-08-03,ocastillo@example.org,Adriana Martin,14,36
2025-02-11,2024-08-14,blyons@example.com,Cassidy Mullins,7,37
2025-03-24,2023-08-14,bwilson@example.org,Daniel House,12,9
2025-03-06,2020-05-18,shelbyharrell@example.com,Carla Hernandez,14,38
2025-03-05,2023-04-25,tiffany03@example.com,Joshua Kane,6,39
2025-03-03,2022-11-28,mcmahonashley@example.net,Donna Shelton,7,40
2025-01-18,2021-02-06,marcusflores@example.com,Andrew Clark,9,41
2025-01-29,2025-01-14,nguyentammy@example.org,Tracey Romero,14,42
2025-02-16,2022-03-29,matthew81@example.com,Jerry Pace,9,43
2025-01-09,2023-12-15,vpeters@example.net,Susan Gonzales,12,44
2025-04-01,2023-09-15,williamgarrison@example.org,Nicholas Davis,14,5
2025-04-03,2023-10-16,lucasjustin@example.org,Yolanda Kemp,6,4
2025-04-07,2025-03-04,meganroberts@example.net,William Davidson,14,45
2025-03-14,2024-12-18,medinalinda@example.com,Erika Hoffman,15,42
2025-01-10,2024-01-24,larryedwards@example.org,Shannon Mcdonald,9,46
2025-03-10,2021-08-31,kristin02@example.com,Robert Edwards,12,47
2025-01-17,2020-10-05,awilson@example.org,Edward Ortiz,7,48
2025-03-18,2023-08-12,patrickperkins@example.com,Michael Buchanan,15,9
2025-01-07,2024-04-28,michelleromero@example.org,Jackson Norman,7,49
2025-01-25,2025-01-17,watersjennifer@example.org,Gregory Roman,6,2
2025-01-10,2021-09-11,valdezkevin@example.org,Nicholas Murray,10,20
2025-01-17,2022-02-15,jeremiahmurray@example.org,Mrs. Christy Friedman,11,50
2025-02-03,2021-02-10,pbarnes@example.com,Jason Jackson,6,51
2025-03-16,2023-12-25,hallcassandra@example.net,Erin Simon,13,52
2025-02-24,2021-08-10,apriledwards@example.net,Susan Brooks,12,53
2025-04-05,2023-03-06,rmcintyre@example.net,Jay George,7,54
2025-01-08,2021-07-11,ochoawendy@example.net,Beth Ingram,13,30
2025-03-16,2021-05-01,zserrano@example.org,Clayton Lloyd,9,31
2025-02-25,2022-12-25,kellywatts@example.com,Julian Ward,14,55
2025-02-11,2021-02-22,taylormaria@example.com,Brian Peters,14,56
2025-03-15,2024-09-24,pvazquez@example.net,Daniel Evans,12,57
2025-03-17,2023-05-12,wilsontimothy@example.org,Stephanie Brown,8,58
2025-03-10,2022-12-26,clarkheidi@example.org,Andrew Shaw,8,1
2025-02-12,2024-05-29,floresdavid@example.com,Nancy Carter,6,59
2025-02-12,2024-05-29,jasonadams@example.com,Bryan Scott,13,60
2025-03-05,2022-08-01,stacy82@example.com,Craig Price,12,61
2025-01-15,2023-12-09,ramoschris@example.net,Joshua Miller,12,3
2025-02-21,2020-12-04,brianmiller@example.org,Alicia Wilson,6,62
2025-03-11,2022-12-27,rodriguezcolleen@example.net,Bruce Owens,15,63
2025-02-25,2024-02-08,hkhan@example.net,Mark Roberts,7,64
2025-02-08,2021-03-08,dbowers@example.org,Claudia Atkins,6,65
2025-01-22,2023-10-20,valerie00@example.net,William Barnes,7,66
2025-02-21,2022-04-03,harriswendy@example.org,Tabitha Sanchez,12,67
2025-01-28,2021-03-22,turnerjuan@example.org,Sonya Pacheco,8,68
2025-02-04,2022-06-02,stephanierogers@example.com,Jonathan Lowe,13,69
2025-04-02,2024-02-09,hatfieldkristin@example.net,Natalie Boyle,15,70
2025-02-07,2022-09-23,melissa88@example.org,Julie Butler,11,71
2025-02-09,2022-08-01,boothkathryn@example.com,Jose Bender,15,25
2025-01-14,2023-03-06,parellano@example.net,Katrina Walker,8,72
2025-03-29,2023-05-29,clarkjessica@example.net,Russell Brennan,13,1
2025-01-19,2022-03-15,vmay@example.org,Tammy Mendez,6,73
2025-04-06,2024-05-29,cmann@example.com,Kathryn Ramirez,12,74
2025-03-05,2020-12-02,cameron01@example.org,James Harris,8,75
2025-03-17,2020-12-07,richard94@example.com,Julie Mccarthy,15,76
2025-01-08,2022-11-09,andre66@example.net,Alexis Daniels,15,77
2025-02-15,2022-11-20,yclarke@example.net,Willie Shaffer,12,36
2025-02-13,2024-06-26,careyjohn@example.com,Shelly Carr,8,78
2025-03-18,2022-06-18,dlin@example.net,Gregory Kennedy,7,79
2025-01-25,2023-10-21,nhenson@example.net,Victor Browning,14,80
2025-03-05,2024-09-25,jake54@example.net,Gregory Chung,12,81
2025-02-04,2023-07-22,michaelbowman@example.com,Blake Williams,15,82
2025-02-08,2025-02-20,ubowen@example.org,Mr. Bill Ortega,8,83
2025-01-29,2020-05-31,arnoldjason@example.org,Dustin Johnson,10,84
2025-03-20,2021-11-26,buckleykimberly@example.org,Sandy Orr,13,85
2025-04-05,2021-08-10,hchapman@example.com,Ms. Kathleen Santiago MD,8,86
2025-03-30,2020-12-03,hernandezmark@example.net,Jay Ibarra,15,87
